src,trg,item,hit,sys_0,sid_0,tst_0,rid_0,sys_1,sid_1,tst_1,rid_1,sys_2,sid_2,tst_2,rid_2,sys_3,sid_3,tst_3,rid_3,sys_4,sid_4,tst_4,rid_4,sys_5,sid_5,tst_5,rid_5,sys_6,sid_6,tst_6,rid_6,sys_7,sid_7,tst_7,rid_7,sys_8,sid_8,tst_8,rid_8,sys_9,sid_9,tst_9,rid_9,sys_10,sid_10,tst_10,rid_10,sys_11,sid_11,tst_11,rid_11,sys_12,sid_12,tst_12,rid_12,sys_13,sid_13,tst_13,rid_13,sys_14,sid_14,tst_14,rid_14,sys_15,sid_15,tst_15,rid_15,sys_16,sid_16,tst_16,rid_16,sys_17,sid_17,tst_17,rid_17,sys_18,sid_18,tst_18,rid_18,sys_19,sid_19,tst_19,rid_19,sys_20,sid_20,tst_20,rid_20,sys_21,sid_21,tst_21,rid_21,sys_22,sid_22,tst_22,rid_22,sys_23,sid_23,tst_23,rid_23,sys_24,sid_24,tst_24,rid_24,sys_25,sid_25,tst_25,rid_25,sys_26,sid_26,tst_26,rid_26,sys_27,sid_27,tst_27,rid_27,sys_28,sid_28,tst_28,rid_28,sys_29,sid_29,tst_29,rid_29,sys_30,sid_30,tst_30,rid_30,sys_31,sid_31,tst_31,rid_31,sys_32,sid_32,tst_32,rid_32,sys_33,sid_33,tst_33,rid_33,sys_34,sid_34,tst_34,rid_34,sys_35,sid_35,tst_35,rid_35,sys_36,sid_36,tst_36,rid_36,sys_37,sid_37,tst_37,rid_37,sys_38,sid_38,tst_38,rid_38,sys_39,sid_39,tst_39,rid_39,sys_40,sid_40,tst_40,rid_40,sys_41,sid_41,tst_41,rid_41,sys_42,sid_42,tst_42,rid_42,sys_43,sid_43,tst_43,rid_43,sys_44,sid_44,tst_44,rid_44,sys_45,sid_45,tst_45,rid_45,sys_46,sid_46,tst_46,rid_46,sys_47,sid_47,tst_47,rid_47,sys_48,sid_48,tst_48,rid_48,sys_49,sid_49,tst_49,rid_49,sys_50,sid_50,tst_50,rid_50,sys_51,sid_51,tst_51,rid_51,sys_52,sid_52,tst_52,rid_52,sys_53,sid_53,tst_53,rid_53,sys_54,sid_54,tst_54,rid_54,sys_55,sid_55,tst_55,rid_55,sys_56,sid_56,tst_56,rid_56,sys_57,sid_57,tst_57,rid_57,sys_58,sid_58,tst_58,rid_58,sys_59,sid_59,tst_59,rid_59,sys_60,sid_60,tst_60,rid_60,sys_61,sid_61,tst_61,rid_61,sys_62,sid_62,tst_62,rid_62,sys_63,sid_63,tst_63,rid_63,sys_64,sid_64,tst_64,rid_64,sys_65,sid_65,tst_65,rid_65,sys_66,sid_66,tst_66,rid_66,sys_67,sid_67,tst_67,rid_67,sys_68,sid_68,tst_68,rid_68,sys_69,sid_69,tst_69,rid_69,sys_70,sid_70,tst_70,rid_70,sys_71,sid_71,tst_71,rid_71,sys_72,sid_72,tst_72,rid_72,sys_73,sid_73,tst_73,rid_73,sys_74,sid_74,tst_74,rid_74,sys_75,sid_75,tst_75,rid_75,sys_76,sid_76,tst_76,rid_76,sys_77,sid_77,tst_77,rid_77,sys_78,sid_78,tst_78,rid_78,sys_79,sid_79,tst_79,rid_79,sys_80,sid_80,tst_80,rid_80,sys_81,sid_81,tst_81,rid_81,sys_82,sid_82,tst_82,rid_82,sys_83,sid_83,tst_83,rid_83,sys_84,sid_84,tst_84,rid_84,sys_85,sid_85,tst_85,rid_85,sys_86,sid_86,tst_86,rid_86,sys_87,sid_87,tst_87,rid_87,sys_88,sid_88,tst_88,rid_88,sys_89,sid_89,tst_89,rid_89,sys_90,sid_90,tst_90,rid_90,sys_91,sid_91,tst_91,rid_91,sys_92,sid_92,tst_92,rid_92,sys_93,sid_93,tst_93,rid_93,sys_94,sid_94,tst_94,rid_94,sys_95,sid_95,tst_95,rid_95,sys_96,sid_96,tst_96,rid_96,sys_97,sid_97,tst_97,rid_97,sys_98,sid_98,tst_98,rid_98,sys_99,sid_99,tst_99,rid_99
'de','en','ad',0,'RWTH','1855','SYSTEM','1163783','Neural-MT','1031','SYSTEM','1253964','UM-nDA','980','SYSTEM','1145983','online-C','1544','BAD_REF','1110452','uedin-syntax','2135','SYSTEM','1230020','dfki-experimental','1097','REF','1211747','uedin-jhu-phrase','224','SYSTEM','1083462','RWTH','1327','SYSTEM','1219893','Illinois','1541','REPEAT','1128164','dfki-experimental','656','SYSTEM','1281926','online-E','2071','SYSTEM','1266478','UM-nDA','664','SYSTEM','1200542','Neural-MT','995','REF','1056386','dfki-experimental','256','BAD_REF','1012488','uedin-jhu-phrase','377','SYSTEM','1113205','uedin-syntax','707','SYSTEM','1115400','RWTH','1138','SYSTEM','1244107','Illinois','1804','REPEAT','1269311','Illinois','177','SYSTEM','1195070','online-E','911','SYSTEM','1149973','online-F','980','SYSTEM','1075222','KIT','139','SYSTEM','1109783','online-C','797','SYSTEM','1199810','online-E','1680','SYSTEM','1177824','Illinois','1702','SYSTEM','1100267','dfki-experimental','411','REF','1133032','online-A','1710','SYSTEM','1102223','online-F','398','REPEAT','1082719','uedin-jhu-phrase','1329','SYSTEM','1011389','UM-nDA','577','BAD_REF','1143443','KIT','509','REPEAT','1167061','RWTH','1599','SYSTEM','1049480','Neural-MT','2014','SYSTEM','1221556','online-C','153','SYSTEM','1169128','online-A','1642','BAD_REF','1197410','online-A','892','REF','1225264','online-C','2100','SYSTEM','1054715','Illinois','403','SYSTEM','1057728','uedin-jhu-phrase','1955','SYSTEM','1080896','uedin-syntax','794','SYSTEM','1190470','dfki-experimental','163','SYSTEM','1256717','online-F','848','BAD_REF','1066474','Neural-MT','726','REPEAT','1212021','RWTH','1031','REF','1071114','dfki-experimental','1604','SYSTEM','1248359','Illinois','854','SYSTEM','1133906','KIT','877','SYSTEM','1178328','dfki-experimental','338','SYSTEM','1132902','uedin-syntax','1539','SYSTEM','1184731','online-F','1263','SYSTEM','1258800','RWTH','1327','REF','1223848','uedin-syntax','1762','SYSTEM','1016841','online-C','1544','SYSTEM','1036668','Illinois','1541','SYSTEM','1037416','RWTH','1431','SYSTEM','1094146','online-A','1491','SYSTEM','1159340','KIT','397','SYSTEM','1228950','RWTH','1855','REPEAT','1279194','dfki-experimental','1097','SYSTEM','1266145','Neural-MT','1031','BAD_REF','1216916','uedin-jhu-phrase','361','SYSTEM','1245408','dfki-experimental','256','SYSTEM','1103579','uedin-syntax','707','REPEAT','1233810','online-E','2071','BAD_REF','1061321','online-B','76','SYSTEM','1233237','Illinois','1804','SYSTEM','1185259','Neural-MT','995','SYSTEM','1076435','UM-nDA','664','REF','1054444','online-F','606','SYSTEM','1160383','UM-nDA','364','SYSTEM','1130068','uedin-jhu-phrase','1329','REF','1090277','RWTH','1609','SYSTEM','1122733','RWTH','2040','SYSTEM','1166587','RWTH','824','SYSTEM','1273943','online-E','972','SYSTEM','1204224','online-E','1680','REPEAT','1250220','UM-nDA','577','SYSTEM','1144488','online-F','398','SYSTEM','1248784','Illinois','1702','BAD_REF','1259348','dfki-experimental','411','SYSTEM','1027782','online-C','2100','REF','1107383','Illinois','1719','SYSTEM','1041526','Illinois','403','BAD_REF','1096941','Neural-MT','2014','REPEAT','1071713','online-A','1473','SYSTEM','1186526','online-A','892','SYSTEM','1233821','online-B','1280','SYSTEM','1152210','KIT','509','SYSTEM','1235619','KIT','791','SYSTEM','1065493','online-A','1642','SYSTEM','1130917','online-E','1855','SYSTEM','1224569','uedin-syntax','1539','BAD_REF','1192565','RWTH','1031','SYSTEM','1031440','dfki-experimental','338','REPEAT','1235595','Neural-MT','726','SYSTEM','1278275','online-F','1893','SYSTEM','1229931','KIT','877','REF','1192687','online-B','1638','SYSTEM','1113298','online-F','848','SYSTEM','1036164','online-E','1769','SYSTEM','1033772'
'de','en','ad',1,'KIT','792','SYSTEM','1120880','online-B','926','SYSTEM','1181936','UM-nDA','1941','SYSTEM','1019201','online-B','1277','SYSTEM','1196411','KIT','29','SYSTEM','1010991','uedin-jhu-phrase','2130','REPEAT','1018940','UM-nDA','679','SYSTEM','1087887','online-E','1238','SYSTEM','1142794','KIT','1931','REF','1017973','uedin-syntax','2098','BAD_REF','1065303','uedin-syntax','474','SYSTEM','1205859','KIT','890','SYSTEM','1049534','Illinois','870','SYSTEM','1022793','uedin-syntax','504','SYSTEM','1139627','online-C','609','SYSTEM','1260169','online-A','414','REPEAT','1270743','dfki-experimental','1512','SYSTEM','1191962','Neural-MT','112','BAD_REF','1250287','dfki-experimental','843','SYSTEM','1176469','online-E','362','REF','1238762','online-B','949','BAD_REF','1244294','online-C','1780','SYSTEM','1037131','online-A','1504','SYSTEM','1225596','UM-nDA','1836','REF','1232592','Illinois','653','SYSTEM','1144473','Neural-MT','379','SYSTEM','1037015','online-A','1377','REPEAT','1174655','online-C','428','SYSTEM','1022007','KIT','820','SYSTEM','1143265','KIT','1627','SYSTEM','1123949','Neural-MT','293','SYSTEM','1210867','uedin-syntax','2093','SYSTEM','1017553','uedin-jhu-phrase','247','BAD_REF','1078968','KIT','1659','SYSTEM','1075007','RWTH','1805','SYSTEM','1243297','KIT','1308','SYSTEM','1127590','Illinois','117','REPEAT','1228800','dfki-experimental','1667','SYSTEM','1053732','online-C','511','SYSTEM','1102667','online-A','1717','REF','1254945','Neural-MT','1374','SYSTEM','1247863','uedin-syntax','982','REPEAT','1189382','UM-nDA','2034','SYSTEM','1207187','online-A','332','SYSTEM','1098865','uedin-jhu-phrase','751','BAD_REF','1062969','dfki-experimental','2033','SYSTEM','1197265','uedin-syntax','1273','SYSTEM','1048395','online-F','1356','SYSTEM','1050309','online-E','467','SYSTEM','1276953','uedin-syntax','1082','REF','1101039','uedin-syntax','2098','SYSTEM','1025299','online-E','1238','BAD_REF','1087546','KIT','29','REF','1044430','online-B','1277','REPEAT','1149964','online-B','299','SYSTEM','1222118','Neural-MT','232','SYSTEM','1250383','KIT','1931','SYSTEM','1256685','dfki-experimental','1235','SYSTEM','1115595','online-B','502','SYSTEM','1048774','uedin-jhu-phrase','2130','SYSTEM','1246170','Illinois','870','BAD_REF','1213896','uedin-jhu-phrase','1799','SYSTEM','1123525','KIT','890','REPEAT','1046367','online-F','1570','SYSTEM','1240657','Illinois','1285','SYSTEM','1092124','dfki-experimental','1512','REF','1010348','Neural-MT','112','SYSTEM','1050839','online-E','362','SYSTEM','1012018','online-A','414','SYSTEM','1143652','online-A','971','SYSTEM','1187827','online-C','428','REF','1237547','UM-nDA','1836','SYSTEM','1248767','Neural-MT','379','REPEAT','1199274','online-B','949','SYSTEM','1092989','online-E','666','SYSTEM','1179274','UM-nDA','846','SYSTEM','1159124','online-C','1780','BAD_REF','1150290','Neural-MT','476','SYSTEM','1229126','Neural-MT','2097','SYSTEM','1075861','online-A','1377','SYSTEM','1156973','KIT','1573','SYSTEM','1178483','uedin-jhu-phrase','247','SYSTEM','1111769','online-C','511','REF','1235328','online-A','1717','SYSTEM','1115243','UM-nDA','521','SYSTEM','1030249','Illinois','117','SYSTEM','1006143','KIT','1659','REPEAT','1260767','KIT','1308','BAD_REF','1199884','online-E','232','SYSTEM','1018024','dfki-experimental','814','SYSTEM','1125223','uedin-syntax','982','SYSTEM','1082316','uedin-syntax','405','SYSTEM','1095464','uedin-syntax','1082','SYSTEM','1161708','UM-nDA','2034','REPEAT','1249825','uedin-jhu-phrase','751','SYSTEM','1280272','Neural-MT','1374','REF','1128091','online-E','809','SYSTEM','1179811','online-E','467','BAD_REF','1066963','Illinois','1089','SYSTEM','1192698','Illinois','628','SYSTEM','1037048'
'de','en','ad',2,'online-F','1209','SYSTEM','1208823','online-E','1741','SYSTEM','1254740','Illinois','16','SYSTEM','1271097','Neural-MT','2088','SYSTEM','1040192','online-E','1654','BAD_REF','1021631','uedin-jhu-phrase','1945','REPEAT','1192301','RWTH','915','REF','1063862','online-F','444','SYSTEM','1148403','uedin-jhu-phrase','1187','SYSTEM','1057402','Neural-MT','340','SYSTEM','1169986','Illinois','888','SYSTEM','1175087','dfki-experimental','1873','REPEAT','1259643','RWTH','747','SYSTEM','1245836','uedin-jhu-phrase','1895','REF','1166671','KIT','1157','SYSTEM','1081860','uedin-syntax','304','SYSTEM','1083701','online-E','1813','SYSTEM','1246694','online-E','224','SYSTEM','1171861','Neural-MT','1105','SYSTEM','1260099','online-E','878','BAD_REF','1186662','uedin-syntax','900','SYSTEM','1226502','RWTH','1334','SYSTEM','1082015','online-A','1643','SYSTEM','1223351','online-F','598','REPEAT','1014165','online-B','21','SYSTEM','1133896','RWTH','492','BAD_REF','1190202','dfki-experimental','879','SYSTEM','1272214','online-B','1255','SYSTEM','1204995','online-F','755','REF','1173975','UM-nDA','592','SYSTEM','1219929','uedin-jhu-phrase','409','SYSTEM','1013477','online-E','725','BAD_REF','1126946','uedin-syntax','529','SYSTEM','1206550','online-F','1101','SYSTEM','1060721','UM-nDA','1588','SYSTEM','1259320','online-C','1546','REPEAT','1163305','dfki-experimental','203','SYSTEM','1091919','KIT','1336','SYSTEM','1103346','online-C','1113','REF','1247561','online-A','57','SYSTEM','1227456','online-C','921','SYSTEM','1120101','dfki-experimental','1656','BAD_REF','1237784','online-C','1820','SYSTEM','1103163','online-F','673','SYSTEM','1033315','KIT','1209','SYSTEM','1249979','uedin-jhu-phrase','1727','REF','1041592','uedin-jhu-phrase','20','SYSTEM','1015439','uedin-jhu-phrase','1001','SYSTEM','1133746','online-A','379','REPEAT','1193631','dfki-experimental','2114','SYSTEM','1221352','online-F','1325','SYSTEM','1127416','online-F','1209','BAD_REF','1234452','dfki-experimental','413','SYSTEM','1022811','RWTH','915','SYSTEM','1162665','uedin-jhu-phrase','1945','SYSTEM','1036375','Illinois','16','REF','1187716','uedin-jhu-phrase','1187','REPEAT','1084141','KIT','1740','SYSTEM','1136800','dfki-experimental','1813','SYSTEM','1182262','online-E','1654','SYSTEM','1265730','uedin-jhu-phrase','720','SYSTEM','1240191','Neural-MT','1105','REF','1130346','RWTH','536','SYSTEM','1201634','online-E','878','SYSTEM','1217083','RWTH','747','BAD_REF','1234924','Illinois','1694','SYSTEM','1208663','online-A','1806','SYSTEM','1253039','dfki-experimental','1873','SYSTEM','1060928','uedin-jhu-phrase','1895','SYSTEM','1271680','online-E','224','REPEAT','1039015','online-C','1612','SYSTEM','1194706','online-F','755','SYSTEM','1018002','uedin-jhu-phrase','529','SYSTEM','1187790','online-F','598','SYSTEM','1242260','UM-nDA','592','REPEAT','1269046','RWTH','492','SYSTEM','1015107','online-F','592','SYSTEM','1164934','uedin-syntax','900','REF','1015501','online-E','2122','SYSTEM','1172961','online-B','21','BAD_REF','1106711','online-F','782','SYSTEM','1124286','UM-nDA','1588','REF','1030873','uedin-syntax','529','BAD_REF','1059565','uedin-syntax','271','SYSTEM','1156918','RWTH','1859','SYSTEM','1171644','online-C','1546','SYSTEM','1185219','online-F','1101','REPEAT','1038513','online-C','1113','SYSTEM','1011573','online-E','725','SYSTEM','1231370','Illinois','924','SYSTEM','1043487','dfki-experimental','2114','REPEAT','1085027','dfki-experimental','1656','SYSTEM','1048733','uedin-jhu-phrase','1346','SYSTEM','1088816','uedin-jhu-phrase','1727','SYSTEM','1281752','KIT','1209','BAD_REF','1144465','RWTH','1712','SYSTEM','1082658','online-A','379','SYSTEM','1245543','online-B','1869','SYSTEM','1051383','Illinois','1017','SYSTEM','1165348','uedin-jhu-phrase','20','REF','1160775'
'de','en','ad',3,'online-B','1935','SYSTEM','1015202','Neural-MT','1899','SYSTEM','1041843','online-F','1233','SYSTEM','1057589','Neural-MT','270','SYSTEM','1112990','online-F','801','BAD_REF','1005435','online-B','2071','SYSTEM','1253746','Illinois','1512','REF','1220356','online-C','1470','SYSTEM','1112120','online-E','10','REPEAT','1281744','Illinois','920','SYSTEM','1116504','dfki-experimental','1768','REPEAT','1278032','UM-nDA','1286','SYSTEM','1069824','UM-nDA','430','SYSTEM','1266075','UM-nDA','1850','SYSTEM','1073943','online-A','1765','SYSTEM','1162227','online-C','401','REF','1075768','uedin-syntax','902','SYSTEM','1013018','online-B','667','SYSTEM','1057738','uedin-syntax','1875','BAD_REF','1062741','dfki-experimental','1126','SYSTEM','1240871','KIT','404','BAD_REF','1130284','online-B','187','REPEAT','1274861','Illinois','1466','SYSTEM','1068896','Neural-MT','1245','SYSTEM','1180605','online-F','636','REF','1038285','uedin-jhu-phrase','2131','SYSTEM','1204109','online-E','1863','SYSTEM','1032609','UM-nDA','1061','SYSTEM','1203233','online-B','341','SYSTEM','1008761','online-E','243','SYSTEM','1121662','online-B','429','SYSTEM','1107172','online-C','1804','SYSTEM','1070570','RWTH','446','SYSTEM','1220721','online-C','951','REPEAT','1099760','UM-nDA','1404','SYSTEM','1278953','online-E','1469','SYSTEM','1223691','UM-nDA','873','BAD_REF','1186366','uedin-jhu-phrase','833','SYSTEM','1170078','uedin-jhu-phrase','426','REF','1242304','online-E','1894','SYSTEM','1133249','online-A','528','SYSTEM','1197449','KIT','1125','SYSTEM','1203286','uedin-syntax','1710','REF','1150515','KIT','839','SYSTEM','1258883','dfki-experimental','1520','REPEAT','1208992','uedin-syntax','1888','SYSTEM','1232689','uedin-syntax','1345','SYSTEM','1048046','KIT','2141','SYSTEM','1275302','Neural-MT','1584','BAD_REF','1034366','online-A','2073','SYSTEM','1265747','online-B','2071','BAD_REF','1201160','KIT','1381','SYSTEM','1009037','online-E','325','SYSTEM','1255519','KIT','946','SYSTEM','1089588','UM-nDA','471','SYSTEM','1239194','online-E','10','SYSTEM','1040150','online-F','801','SYSTEM','1215130','Illinois','1512','SYSTEM','1038970','Neural-MT','270','REPEAT','1195148','Neural-MT','1899','REF','1276087','RWTH','182','SYSTEM','1139612','online-B','1618','SYSTEM','1192996','UM-nDA','1286','BAD_REF','1035970','uedin-syntax','1875','SYSTEM','1218626','dfki-experimental','1126','REPEAT','1111507','Neural-MT','1285','SYSTEM','1001744','online-C','401','SYSTEM','1012715','dfki-experimental','1768','SYSTEM','1178800','online-B','667','REF','1223692','online-C','93','SYSTEM','1269819','online-B','187','SYSTEM','1122246','uedin-jhu-phrase','2131','BAD_REF','1235477','UM-nDA','1061','REPEAT','1215845','uedin-syntax','1334','SYSTEM','1025426','online-E','2023','SYSTEM','1203940','KIT','404','SYSTEM','1134543','uedin-syntax','323','SYSTEM','1229272','uedin-syntax','1223','SYSTEM','1259867','online-E','1863','REF','1196984','online-F','636','SYSTEM','1104197','UM-nDA','873','SYSTEM','1032838','Illinois','1706','SYSTEM','1107682','online-C','951','SYSTEM','1263834','RWTH','446','REF','1247466','uedin-jhu-phrase','426','SYSTEM','1157326','uedin-jhu-phrase','833','BAD_REF','1157778','online-B','429','REPEAT','1063884','uedin-syntax','1725','SYSTEM','1002293','KIT','265','SYSTEM','1032249','uedin-syntax','1350','SYSTEM','1118261','uedin-syntax','1345','REF','1041812','KIT','1836','SYSTEM','1019932','online-E','2011','SYSTEM','1219140','dfki-experimental','1520','SYSTEM','1172599','Neural-MT','1584','SYSTEM','1047829','uedin-syntax','1710','SYSTEM','1223527','KIT','2141','REPEAT','1150812','online-A','2073','BAD_REF','1164349','Neural-MT','2066','SYSTEM','1120076','online-E','547','SYSTEM','1054419'
'de','en','ad',4,'online-F','1457','SYSTEM','1077530','Illinois','631','REPEAT','1188668','online-E','1748','SYSTEM','1154511','Neural-MT','803','SYSTEM','1095380','online-C','2133','SYSTEM','1059145','online-C','720','SYSTEM','1001797','uedin-syntax','581','SYSTEM','1025842','RWTH','984','SYSTEM','1201297','KIT','1818','BAD_REF','1199953','Illinois','461','REF','1203032','uedin-syntax','138','SYSTEM','1209532','online-A','1609','REPEAT','1003865','UM-nDA','1727','SYSTEM','1258563','online-A','294','SYSTEM','1151183','uedin-jhu-phrase','538','SYSTEM','1130052','Neural-MT','363','SYSTEM','1115456','uedin-jhu-phrase','1362','BAD_REF','1251328','online-F','1458','SYSTEM','1074552','online-E','597','SYSTEM','1095669','dfki-experimental','579','REF','1108530','Illinois','1493','SYSTEM','1178759','online-C','315','SYSTEM','1146228','online-C','11','SYSTEM','1098167','UM-nDA','1010','REF','1277477','UM-nDA','1484','SYSTEM','1083807','uedin-syntax','1066','BAD_REF','1229852','Neural-MT','372','SYSTEM','1193753','online-F','1109','SYSTEM','1279029','uedin-jhu-phrase','151','SYSTEM','1059218','uedin-syntax','1647','REPEAT','1269621','online-F','99','SYSTEM','1199350','dfki-experimental','136','SYSTEM','1184379','Neural-MT','1808','BAD_REF','1143257','online-E','430','SYSTEM','1071127','dfki-experimental','1833','REF','1245364','online-B','1183','REPEAT','1188752','Neural-MT','1280','SYSTEM','1079184','online-E','1201','SYSTEM','1243834','Neural-MT','2078','SYSTEM','1033729','uedin-syntax','1858','SYSTEM','1038482','UM-nDA','1554','SYSTEM','1231715','KIT','136','SYSTEM','1100815','Illinois','1158','BAD_REF','1000652','uedin-jhu-phrase','13','SYSTEM','1073893','Illinois','1952','SYSTEM','1243706','online-C','247','REPEAT','1127163','Neural-MT','1027','SYSTEM','1109852','online-E','1278','SYSTEM','1228537','online-F','981','REF','1106433','Illinois','726','SYSTEM','1027200','online-C','2133','BAD_REF','1250680','Illinois','1822','SYSTEM','1061474','online-E','76','SYSTEM','1014453','online-C','2045','SYSTEM','1191635','Illinois','461','SYSTEM','1176531','Illinois','631','SYSTEM','1137276','Neural-MT','803','REF','1013352','online-F','533','SYSTEM','1198169','KIT','1818','SYSTEM','1020118','uedin-syntax','581','REPEAT','1221720','uedin-syntax','138','REPEAT','1192771','Neural-MT','469','SYSTEM','1254903','online-A','294','BAD_REF','1050967','dfki-experimental','1458','SYSTEM','1214029','uedin-jhu-phrase','1362','SYSTEM','1238333','dfki-experimental','579','SYSTEM','1235776','online-F','1458','REF','1153348','RWTH','534','SYSTEM','1121544','online-A','1609','SYSTEM','1205175','RWTH','1587','SYSTEM','1221931','UM-nDA','1484','REF','1200820','uedin-syntax','1647','SYSTEM','1047879','Neural-MT','676','SYSTEM','1124294','KIT','197','SYSTEM','1004233','Neural-MT','1631','SYSTEM','1056891','uedin-syntax','1066','SYSTEM','1007670','UM-nDA','1010','SYSTEM','1079800','online-E','992','SYSTEM','1183213','online-C','11','REPEAT','1172094','online-F','1109','BAD_REF','1069952','online-E','430','BAD_REF','1223551','Neural-MT','1280','REF','1045790','online-B','1183','SYSTEM','1168446','Neural-MT','1808','SYSTEM','1038650','Neural-MT','2027','SYSTEM','1268552','dfki-experimental','1833','SYSTEM','1126457','dfki-experimental','136','REPEAT','1023308','online-C','1214','SYSTEM','1207253','online-A','1536','SYSTEM','1171954','online-C','1562','SYSTEM','1228137','online-C','451','SYSTEM','1091467','online-C','247','SYSTEM','1204077','uedin-jhu-phrase','13','REF','1109197','dfki-experimental','472','SYSTEM','1183326','Illinois','1952','BAD_REF','1038425','KIT','136','REPEAT','1181738','Illinois','748','SYSTEM','1036236','Illinois','1158','SYSTEM','1191615','online-C','1448','SYSTEM','1233769','online-F','981','SYSTEM','1221080'
'de','en','ad',5,'uedin-syntax','1083','SYSTEM','1212800','dfki-experimental','1131','SYSTEM','1003319','dfki-experimental','1831','REPEAT','1185945','Illinois','805','SYSTEM','1118134','online-B','153','REF','1193469','uedin-syntax','1986','SYSTEM','1005348','Illinois','565','SYSTEM','1146424','KIT','157','BAD_REF','1054353','online-C','2068','SYSTEM','1267855','online-A','1586','SYSTEM','1024940','UM-nDA','270','BAD_REF','1000906','UM-nDA','1315','REPEAT','1158757','online-F','625','SYSTEM','1262469','online-C','1961','SYSTEM','1022230','online-A','140','SYSTEM','1186379','uedin-jhu-phrase','407','SYSTEM','1266150','online-A','594','SYSTEM','1171471','uedin-syntax','1275','SYSTEM','1202767','online-A','741','SYSTEM','1112942','dfki-experimental','1033','REF','1082475','online-E','36','SYSTEM','1181120','online-C','129','SYSTEM','1199930','Illinois','1581','SYSTEM','1178701','RWTH','1028','REPEAT','1036462','uedin-syntax','210','SYSTEM','1106807','dfki-experimental','721','SYSTEM','1087638','Illinois','314','REF','1110093','RWTH','1056','SYSTEM','1231721','online-C','1352','BAD_REF','1019159','online-E','1550','SYSTEM','1244084','dfki-experimental','700','SYSTEM','1164720','dfki-experimental','1668','SYSTEM','1113641','RWTH','1516','SYSTEM','1219159','uedin-syntax','680','REPEAT','1234117','online-A','1681','BAD_REF','1074699','online-A','1683','SYSTEM','1114549','Neural-MT','92','SYSTEM','1122471','online-F','1167','SYSTEM','1082180','KIT','1365','REF','1207916','dfki-experimental','1090','SYSTEM','1158624','online-C','2094','REPEAT','1211906','dfki-experimental','891','SYSTEM','1209815','RWTH','1254','SYSTEM','1044265','online-E','1606','SYSTEM','1189185','Neural-MT','544','SYSTEM','1190080','UM-nDA','1073','SYSTEM','1090260','RWTH','1997','SYSTEM','1051320','online-C','99','SYSTEM','1138113','KIT','503','REF','1072136','RWTH','1218','BAD_REF','1036304','uedin-syntax','1804','SYSTEM','1102073','online-F','1595','SYSTEM','1006157','online-C','2068','REPEAT','1097824','dfki-experimental','1131','BAD_REF','1223354','Illinois','1613','SYSTEM','1027403','Illinois','805','REF','1190601','dfki-experimental','1831','SYSTEM','1084164','Illinois','741','SYSTEM','1246977','KIT','157','SYSTEM','1075616','online-B','153','SYSTEM','1098985','online-A','741','BAD_REF','1007461','online-C','2028','SYSTEM','1074835','UM-nDA','270','SYSTEM','1167572','UM-nDA','1315','SYSTEM','1232892','online-A','594','REPEAT','1178439','online-E','2036','SYSTEM','1107045','Neural-MT','1009','SYSTEM','1160285','online-C','1961','REF','1076050','Illinois','869','SYSTEM','1081611','dfki-experimental','1033','SYSTEM','1206286','online-A','975','SYSTEM','1187398','Illinois','1581','REPEAT','1175319','RWTH','1028','SYSTEM','1078889','online-C','1352','SYSTEM','1041455','RWTH','147','SYSTEM','1008919','dfki-experimental','721','REF','1074080','online-E','1666','SYSTEM','1082711','RWTH','1056','BAD_REF','1141134','Illinois','314','SYSTEM','1008192','online-C','393','SYSTEM','1108274','KIT','1365','SYSTEM','1090454','uedin-syntax','680','SYSTEM','1144384','online-A','1681','SYSTEM','1061278','RWTH','1516','REF','1054251','dfki-experimental','992','SYSTEM','1225086','dfki-experimental','700','BAD_REF','1221690','online-B','1562','SYSTEM','1132710','RWTH','470','SYSTEM','1250763','online-C','1611','SYSTEM','1023167','dfki-experimental','1090','REPEAT','1079966','KIT','503','SYSTEM','1168034','UM-nDA','1073','REF','1078369','RWTH','1218','SYSTEM','1270474','KIT','1485','SYSTEM','1149578','Neural-MT','1288','SYSTEM','1151264','online-B','683','SYSTEM','1256536','online-C','2094','SYSTEM','1151333','RWTH','1254','BAD_REF','1021797','online-E','1606','REPEAT','1140148','UM-nDA','1618','SYSTEM','1230261'
'de','en','ad',6,'online-A','264','SYSTEM','1184854','online-B','1409','BAD_REF','1112339','RWTH','566','SYSTEM','1084405','KIT','1835','REPEAT','1239533','UM-nDA','1536','SYSTEM','1154684','Illinois','1754','SYSTEM','1076098','uedin-syntax','57','SYSTEM','1111884','KIT','1121','SYSTEM','1026216','uedin-syntax','1022','REF','1002877','UM-nDA','1430','SYSTEM','1079365','uedin-syntax','1741','SYSTEM','1158803','online-C','1183','REPEAT','1069567','uedin-jhu-phrase','522','SYSTEM','1158708','UM-nDA','196','BAD_REF','1157321','online-F','1507','SYSTEM','1153628','UM-nDA','928','SYSTEM','1139817','online-B','1808','REF','1073218','RWTH','609','SYSTEM','1150242','uedin-syntax','1361','SYSTEM','1004345','online-F','620','SYSTEM','1156486','RWTH','1387','REF','1190722','uedin-syntax','874','SYSTEM','1120890','UM-nDA','1095','BAD_REF','1162136','UM-nDA','343','SYSTEM','1154541','uedin-jhu-phrase','604','SYSTEM','1144733','Neural-MT','1749','SYSTEM','1060686','online-F','41','SYSTEM','1025167','online-C','450','SYSTEM','1110844','uedin-jhu-phrase','1647','REPEAT','1181407','online-A','2000','SYSTEM','1011916','online-B','1333','REF','1182149','dfki-experimental','1284','REPEAT','1049353','online-E','372','SYSTEM','1121363','KIT','198','SYSTEM','1007989','online-A','1137','SYSTEM','1103876','uedin-jhu-phrase','1537','SYSTEM','1154826','Illinois','562','SYSTEM','1236833','online-A','256','BAD_REF','1136889','Illinois','646','SYSTEM','1175578','uedin-jhu-phrase','792','SYSTEM','1258614','Neural-MT','1382','SYSTEM','1173666','RWTH','437','SYSTEM','1007150','online-E','1105','REPEAT','1251569','RWTH','1623','SYSTEM','1278648','RWTH','1377','SYSTEM','1013523','uedin-syntax','291','SYSTEM','1107569','KIT','1227','REF','1063086','uedin-jhu-phrase','684','SYSTEM','1004738','UM-nDA','1029','SYSTEM','1173166','uedin-jhu-phrase','1684','BAD_REF','1219443','online-E','1860','SYSTEM','1156881','online-B','1409','SYSTEM','1038376','online-A','264','BAD_REF','1069699','uedin-syntax','1575','SYSTEM','1176151','UM-nDA','1536','REPEAT','1251324','online-B','1287','SYSTEM','1226787','KIT','1835','SYSTEM','1084469','uedin-syntax','1022','SYSTEM','1260620','RWTH','566','REF','1203140','RWTH','372','SYSTEM','1164951','online-F','620','REPEAT','1129528','online-B','1805','SYSTEM','1260409','UM-nDA','196','SYSTEM','1271207','online-C','1183','SYSTEM','1053852','dfki-experimental','800','SYSTEM','1002466','online-B','1808','SYSTEM','1210079','RWTH','609','BAD_REF','1183470','Neural-MT','1349','SYSTEM','1051861','uedin-syntax','1361','REF','1180374','online-A','1056','SYSTEM','1136390','uedin-syntax','310','SYSTEM','1103386','RWTH','198','SYSTEM','1165054','uedin-jhu-phrase','1647','SYSTEM','1218102','Neural-MT','1749','BAD_REF','1206713','online-C','2149','SYSTEM','1157128','online-F','1178','SYSTEM','1008815','RWTH','1387','SYSTEM','1245602','UM-nDA','1095','SYSTEM','1132131','uedin-syntax','874','REPEAT','1121266','online-F','41','REF','1256721','online-E','372','BAD_REF','1164731','Illinois','646','REPEAT','1133380','uedin-jhu-phrase','1537','REF','1035180','online-E','165','SYSTEM','1021010','online-F','1208','SYSTEM','1130149','online-A','256','SYSTEM','1111271','dfki-experimental','1284','SYSTEM','1080058','online-B','1333','SYSTEM','1198871','dfki-experimental','947','SYSTEM','1159016','KIT','1002','SYSTEM','1152169','Neural-MT','1382','REF','1126314','online-B','747','SYSTEM','1123365','uedin-syntax','291','REPEAT','1231219','online-C','2134','SYSTEM','1095629','KIT','1227','SYSTEM','1155980','dfki-experimental','2166','SYSTEM','1015749','RWTH','574','SYSTEM','1165211','online-E','1105','SYSTEM','1243847','uedin-jhu-phrase','1684','SYSTEM','1236266','UM-nDA','1029','BAD_REF','1262159'
'de','en','ad',7,'online-A','2066','SYSTEM','1234044','online-A','469','REF','1145599','RWTH','142','REPEAT','1118993','online-A','275','SYSTEM','1200759','UM-nDA','1650','SYSTEM','1152958','uedin-syntax','1862','BAD_REF','1155349','uedin-syntax','182','SYSTEM','1092465','KIT','1817','SYSTEM','1254082','online-B','1223','SYSTEM','1065158','online-C','43','SYSTEM','1027577','UM-nDA','1837','SYSTEM','1010981','online-C','1622','SYSTEM','1146571','online-A','1174','SYSTEM','1213407','Neural-MT','398','REPEAT','1064152','Neural-MT','1510','REF','1061536','online-C','705','BAD_REF','1218469','online-E','375','SYSTEM','1213043','online-C','157','SYSTEM','1177114','uedin-syntax','517','SYSTEM','1000009','Illinois','1346','SYSTEM','1076008','online-C','1580','BAD_REF','1249129','RWTH','152','SYSTEM','1155723','dfki-experimental','638','REF','1050194','dfki-experimental','431','SYSTEM','1239169','online-F','658','SYSTEM','1196260','online-E','1901','SYSTEM','1193124','Illinois','1255','REPEAT','1130164','uedin-syntax','1176','SYSTEM','1131187','RWTH','1318','SYSTEM','1047508','online-C','156','SYSTEM','1253238','uedin-jhu-phrase','1467','REPEAT','1000869','uedin-jhu-phrase','1979','REF','1054421','UM-nDA','116','SYSTEM','1263728','Neural-MT','1682','SYSTEM','1187722','dfki-experimental','1336','SYSTEM','1062105','online-A','160','SYSTEM','1079039','uedin-jhu-phrase','316','SYSTEM','1274280','Illinois','214','BAD_REF','1209788','dfki-experimental','1208','SYSTEM','1090586','online-E','1114','SYSTEM','1174050','online-A','662','REF','1246392','online-B','154','SYSTEM','1207711','RWTH','1521','SYSTEM','1163922','UM-nDA','1958','REPEAT','1100318','RWTH','401','BAD_REF','1076382','uedin-syntax','595','SYSTEM','1264956','uedin-syntax','290','SYSTEM','1097553','Neural-MT','554','SYSTEM','1064707','uedin-syntax','389','SYSTEM','1018044','UM-nDA','889','SYSTEM','1070919','Illinois','267','SYSTEM','1082363','Illinois','1699','SYSTEM','1020384','RWTH','142','SYSTEM','1242533','uedin-syntax','182','BAD_REF','1264599','KIT','1967','SYSTEM','1276539','online-A','2066','REF','1010809','UM-nDA','1650','REPEAT','1057470','online-C','1387','SYSTEM','1033001','online-A','469','SYSTEM','1055216','uedin-syntax','1862','SYSTEM','1195092','UM-nDA','1480','SYSTEM','1107152','online-E','895','SYSTEM','1041147','online-C','1622','REPEAT','1154616','Neural-MT','1833','SYSTEM','1123492','UM-nDA','1837','BAD_REF','1131603','online-A','1174','REF','1142438','Neural-MT','1510','SYSTEM','1189028','UM-nDA','1405','SYSTEM','1034796','online-C','705','SYSTEM','1111733','Neural-MT','398','SYSTEM','1043285','online-E','1901','REPEAT','1276397','RWTH','152','REF','1100616','Illinois','1255','SYSTEM','1091835','uedin-syntax','72','SYSTEM','1135445','dfki-experimental','638','SYSTEM','1106099','dfki-experimental','596','SYSTEM','1129117','online-C','1580','SYSTEM','1254931','Neural-MT','1250','SYSTEM','1103506','uedin-syntax','1176','BAD_REF','1156082','KIT','2099','SYSTEM','1175957','Illinois','2058','SYSTEM','1195974','Illinois','214','SYSTEM','1079629','uedin-jhu-phrase','1467','SYSTEM','1088364','online-A','160','REPEAT','1073875','UM-nDA','1498','SYSTEM','1143293','uedin-jhu-phrase','1979','SYSTEM','1181907','RWTH','1341','SYSTEM','1004649','dfki-experimental','1208','REF','1034864','dfki-experimental','1336','BAD_REF','1167519','dfki-experimental','1390','SYSTEM','1083498','RWTH','1631','SYSTEM','1072289','uedin-syntax','509','SYSTEM','1205120','uedin-jhu-phrase','1908','SYSTEM','1215259','RWTH','401','SYSTEM','1004801','online-A','662','SYSTEM','1050678','UM-nDA','889','REF','1075736','uedin-syntax','290','BAD_REF','1038550','UM-nDA','1958','SYSTEM','1166900','Neural-MT','554','REPEAT','1138494','online-E','1331','SYSTEM','1247179'
'de','en','ad',8,'dfki-experimental','1375','SYSTEM','1017701','online-F','1321','SYSTEM','1027127','Neural-MT','1029','REF','1233313','online-C','1319','REPEAT','1193697','KIT','1331','SYSTEM','1109143','uedin-jhu-phrase','1692','SYSTEM','1038410','KIT','439','BAD_REF','1236506','online-C','1485','SYSTEM','1143506','online-C','163','SYSTEM','1053517','uedin-syntax','1057','SYSTEM','1212472','Neural-MT','344','SYSTEM','1270498','RWTH','899','SYSTEM','1107055','Illinois','595','SYSTEM','1206818','dfki-experimental','194','REF','1084088','online-C','709','SYSTEM','1159429','Neural-MT','1840','SYSTEM','1237688','UM-nDA','786','BAD_REF','1092300','online-E','2069','REPEAT','1176466','uedin-syntax','1796','SYSTEM','1148362','online-F','1582','SYSTEM','1086984','uedin-jhu-phrase','2063','SYSTEM','1213447','online-C','1725','SYSTEM','1261125','online-E','752','SYSTEM','1134054','uedin-syntax','536','SYSTEM','1093500','UM-nDA','1131','BAD_REF','1181513','online-C','1377','SYSTEM','1176420','dfki-experimental','392','REPEAT','1182751','online-A','777','SYSTEM','1184333','dfki-experimental','977','SYSTEM','1009057','KIT','460','REF','1051991','KIT','622','SYSTEM','1260264','uedin-syntax','1580','SYSTEM','1173579','uedin-syntax','1099','BAD_REF','1230464','uedin-jhu-phrase','1880','REF','1058528','online-A','1488','SYSTEM','1114555','online-C','858','SYSTEM','1190812','online-F','1046','SYSTEM','1046526','KIT','2126','SYSTEM','1231143','online-B','1374','REPEAT','1119036','online-F','1679','SYSTEM','1101080','dfki-experimental','510','SYSTEM','1004227','Illinois','922','SYSTEM','1124019','online-B','1922','SYSTEM','1023426','Illinois','252','SYSTEM','1118938','RWTH','1569','SYSTEM','1263580','online-C','2078','SYSTEM','1006672','Neural-MT','1016','SYSTEM','1243125','Illinois','1000','REPEAT','1098648','RWTH','530','REF','1205265','Illinois','1311','BAD_REF','1176070','Neural-MT','1029','SYSTEM','1136235','Illinois','1023','SYSTEM','1262734','KIT','1331','REPEAT','1238496','online-B','497','SYSTEM','1096129','online-F','1321','BAD_REF','1147010','Neural-MT','1015','SYSTEM','1171965','KIT','439','SYSTEM','1179671','dfki-experimental','2163','SYSTEM','1140394','uedin-syntax','1057','REF','1023979','online-C','1319','SYSTEM','1083767','online-E','2069','SYSTEM','1005240','online-C','709','BAD_REF','1112469','online-F','1897','SYSTEM','1030111','RWTH','1656','SYSTEM','1131045','UM-nDA','786','SYSTEM','1143225','RWTH','899','REPEAT','1143021','uedin-syntax','1796','REF','1122977','online-C','690','SYSTEM','1266319','dfki-experimental','194','SYSTEM','1078899','dfki-experimental','306','SYSTEM','1074704','UM-nDA','1131','SYSTEM','1266532','KIT','460','SYSTEM','1162002','online-E','752','REF','1162809','uedin-jhu-phrase','1613','SYSTEM','1157241','uedin-jhu-phrase','1798','SYSTEM','1212621','uedin-syntax','536','BAD_REF','1230325','online-A','777','REPEAT','1201430','dfki-experimental','392','SYSTEM','1204635','online-E','1628','SYSTEM','1278267','online-C','910','SYSTEM','1220455','online-B','1374','SYSTEM','1152799','uedin-syntax','1099','SYSTEM','1028258','online-F','1679','REF','1132115','KIT','622','BAD_REF','1256208','uedin-syntax','2124','SYSTEM','1191703','uedin-jhu-phrase','1880','SYSTEM','1209625','UM-nDA','701','SYSTEM','1273859','KIT','2126','REPEAT','1120277','uedin-jhu-phrase','1744','SYSTEM','1005567','online-E','1719','SYSTEM','1161797','online-E','1341','SYSTEM','1100068','Illinois','1000','SYSTEM','1164586','uedin-jhu-phrase','546','SYSTEM','1270684','Illinois','1311','SYSTEM','1193711','RWTH','1569','REPEAT','1052634','RWTH','611','SYSTEM','1263097','RWTH','530','SYSTEM','1117138','dfki-experimental','510','BAD_REF','1094639','RWTH','261','SYSTEM','1184516','online-C','2078','REF','1136559'
'de','en','ad',9,'online-B','1431','SYSTEM','1271373','online-E','1876','REF','1073722','online-C','501','SYSTEM','1071962','Neural-MT','2048','BAD_REF','1233609','online-B','563','SYSTEM','1144913','online-A','488','SYSTEM','1189682','dfki-experimental','1852','SYSTEM','1066075','UM-nDA','1463','SYSTEM','1043012','online-C','45','SYSTEM','1231970','online-A','1094','REPEAT','1116170','uedin-jhu-phrase','362','SYSTEM','1218595','Neural-MT','1774','SYSTEM','1132446','online-B','43','BAD_REF','1198524','online-A','252','REF','1115925','online-C','1456','REPEAT','1160740','online-E','66','SYSTEM','1262014','UM-nDA','412','SYSTEM','1019816','uedin-syntax','748','SYSTEM','1121090','RWTH','2050','SYSTEM','1222560','RWTH','832','SYSTEM','1130634','RWTH','728','REPEAT','1043082','uedin-syntax','2046','SYSTEM','1166787','online-F','1065','SYSTEM','1186334','UM-nDA','2117','SYSTEM','1039092','online-C','1849','SYSTEM','1117833','uedin-jhu-phrase','313','BAD_REF','1145006','online-F','1102','REF','1235975','uedin-jhu-phrase','985','SYSTEM','1042274','online-C','1511','SYSTEM','1223587','RWTH','1090','SYSTEM','1124184','dfki-experimental','811','SYSTEM','1189449','Neural-MT','1166','SYSTEM','1116160','uedin-syntax','96','SYSTEM','1055503','online-F','1586','SYSTEM','1278213','online-B','1517','REF','1245008','online-C','540','SYSTEM','1247482','RWTH','1728','BAD_REF','1278930','online-E','2145','SYSTEM','1017850','Neural-MT','1502','REPEAT','1190160','online-C','1356','SYSTEM','1026061','online-E','188','SYSTEM','1249107','UM-nDA','1924','REPEAT','1255895','online-F','467','SYSTEM','1116018','UM-nDA','1129','SYSTEM','1166570','online-B','357','REF','1187020','KIT','1045','SYSTEM','1046858','KIT','1803','SYSTEM','1031333','UM-nDA','181','BAD_REF','1071764','KIT','863','SYSTEM','1030341','uedin-jhu-phrase','1508','SYSTEM','1009052','online-A','1094','SYSTEM','1266167','online-A','488','REPEAT','1018670','uedin-syntax','447','SYSTEM','1259844','KIT','2156','SYSTEM','1162633','online-C','501','REF','1075200','UM-nDA','464','SYSTEM','1230397','UM-nDA','1463','BAD_REF','1009562','Neural-MT','2048','SYSTEM','1174287','uedin-syntax','988','SYSTEM','1061348','online-E','1876','SYSTEM','1006992','online-A','252','SYSTEM','1149223','online-C','1456','SYSTEM','1075560','UM-nDA','412','REF','1008273','uedin-syntax','748','BAD_REF','1267585','RWTH','1622','SYSTEM','1147725','online-F','1536','SYSTEM','1073491','online-B','43','SYSTEM','1044863','UM-nDA','1604','SYSTEM','1229084','RWTH','2050','REPEAT','1099709','Neural-MT','2167','SYSTEM','1048977','RWTH','728','SYSTEM','1039896','UM-nDA','1686','SYSTEM','1134974','online-F','1102','SYSTEM','1125408','online-C','1849','BAD_REF','1163879','RWTH','1090','REF','1058670','online-F','217','SYSTEM','1172747','online-C','468','SYSTEM','1186681','UM-nDA','2117','REPEAT','1258587','uedin-jhu-phrase','313','SYSTEM','1112356','RWTH','1990','SYSTEM','1015113','Illinois','549','SYSTEM','1268268','Neural-MT','1550','SYSTEM','1139126','Neural-MT','1166','REF','1127586','RWTH','1728','SYSTEM','1166057','online-C','1356','BAD_REF','1062652','online-F','1586','REPEAT','1032826','Neural-MT','1502','SYSTEM','1031037','KIT','766','SYSTEM','1254816','online-C','174','SYSTEM','1042788','online-B','1517','SYSTEM','1219342','UM-nDA','181','SYSTEM','1110167','online-B','357','SYSTEM','1046498','KIT','2004','SYSTEM','1201983','dfki-experimental','1586','SYSTEM','1023320','KIT','863','REF','1013914','UM-nDA','1924','SYSTEM','1066189','KIT','1045','REPEAT','1063064','UM-nDA','1888','SYSTEM','1157050','Neural-MT','1216','SYSTEM','1070016','UM-nDA','1129','BAD_REF','1130278'
'de','en','ad',10,'uedin-syntax','1446','SYSTEM','1279833','Neural-MT','1990','BAD_REF','1244684','online-E','464','REPEAT','1150166','online-F','948','SYSTEM','1098356','RWTH','881','REF','1101666','online-C','679','SYSTEM','1121705','uedin-syntax','1660','SYSTEM','1110896','uedin-syntax','875','SYSTEM','1066640','UM-nDA','1627','SYSTEM','1205626','online-F','1947','SYSTEM','1142148','UM-nDA','905','SYSTEM','1012750','RWTH','363','SYSTEM','1049571','Neural-MT','1273','SYSTEM','1190367','uedin-syntax','1556','BAD_REF','1118092','Illinois','383','SYSTEM','1271353','uedin-jhu-phrase','544','REPEAT','1095596','online-B','630','SYSTEM','1030792','uedin-jhu-phrase','1570','SYSTEM','1065552','online-F','1727','SYSTEM','1271619','UM-nDA','50','REF','1027617','KIT','550','SYSTEM','1200539','KIT','1964','SYSTEM','1126131','online-B','637','SYSTEM','1102162','online-F','419','SYSTEM','1238994','Neural-MT','2036','REPEAT','1235723','uedin-syntax','598','BAD_REF','1012430','uedin-syntax','1300','SYSTEM','1271077','online-B','1096','SYSTEM','1200561','Illinois','762','SYSTEM','1276538','online-C','457','REF','1165362','uedin-syntax','503','REF','1018003','online-A','1792','SYSTEM','1235282','online-F','1908','SYSTEM','1059735','Illinois','538','REPEAT','1240430','online-F','717','SYSTEM','1007064','Illinois','9','SYSTEM','1253842','uedin-syntax','312','BAD_REF','1266893','uedin-jhu-phrase','348','SYSTEM','1078681','uedin-jhu-phrase','1155','SYSTEM','1181635','online-F','836','SYSTEM','1193719','uedin-jhu-phrase','1073','SYSTEM','1187789','Illinois','2003','REPEAT','1239910','UM-nDA','2053','SYSTEM','1054222','dfki-experimental','1940','SYSTEM','1054840','online-C','2076','SYSTEM','1264777','RWTH','1100','SYSTEM','1173131','online-E','327','BAD_REF','1233019','online-B','1771','SYSTEM','1128492','Illinois','1615','REF','1159509','online-E','1544','SYSTEM','1202754','uedin-syntax','875','BAD_REF','1041520','online-E','1898','SYSTEM','1110933','dfki-experimental','2158','SYSTEM','1148511','uedin-syntax','1446','REPEAT','1156954','online-E','464','SYSTEM','1136851','RWTH','810','SYSTEM','1196208','online-C','679','REF','1209566','Neural-MT','1990','SYSTEM','1142012','RWTH','881','SYSTEM','1168540','dfki-experimental','668','SYSTEM','1237993','online-F','148','SYSTEM','1209960','uedin-jhu-phrase','544','SYSTEM','1263202','online-F','1727','REF','1111379','uedin-jhu-phrase','668','SYSTEM','1029158','UM-nDA','905','BAD_REF','1095415','uedin-syntax','1556','SYSTEM','1149061','online-B','630','REPEAT','1080987','UM-nDA','50','SYSTEM','1265352','online-F','766','SYSTEM','1127235','online-B','616','SYSTEM','1225483','uedin-syntax','952','SYSTEM','1223086','online-C','127','SYSTEM','1057310','KIT','1508','SYSTEM','1085086','online-C','457','SYSTEM','1159163','online-F','419','BAD_REF','1020405','Neural-MT','2036','SYSTEM','1225898','uedin-syntax','598','SYSTEM','1033956','KIT','550','REPEAT','1215648','uedin-syntax','585','SYSTEM','1098055','Illinois','762','REF','1231039','uedin-syntax','312','SYSTEM','1226643','uedin-syntax','503','SYSTEM','1137131','uedin-jhu-phrase','348','REPEAT','1074074','online-C','2048','SYSTEM','1001663','dfki-experimental','1446','SYSTEM','1141101','UM-nDA','1317','SYSTEM','1106198','online-F','1908','BAD_REF','1062321','dfki-experimental','125','SYSTEM','1064529','Illinois','538','SYSTEM','1087023','online-A','1792','REF','1244172','RWTH','160','SYSTEM','1005800','online-B','738','SYSTEM','1127355','Illinois','2003','SYSTEM','1140804','online-C','1833','SYSTEM','1157038','uedin-jhu-phrase','1073','REF','1075539','online-E','327','SYSTEM','1241907','UM-nDA','2053','REPEAT','1212501','KIT','148','SYSTEM','1176431','Illinois','1615','SYSTEM','1264849','online-C','2076','BAD_REF','1014941'
'de','en','ad',11,'RWTH','1654','SYSTEM','1001309','Illinois','700','REPEAT','1028072','online-A','860','SYSTEM','1235285','online-F','1540','SYSTEM','1261672','RWTH','843','SYSTEM','1159611','KIT','1223','SYSTEM','1022189','RWTH','992','SYSTEM','1269906','RWTH','1705','BAD_REF','1182708','dfki-experimental','661','SYSTEM','1206264','dfki-experimental','1801','REF','1067040','online-C','338','SYSTEM','1013893','Neural-MT','342','SYSTEM','1224709','KIT','652','REF','1120276','online-C','997','REPEAT','1005733','online-E','818','SYSTEM','1099644','UM-nDA','941','SYSTEM','1228485','RWTH','1354','BAD_REF','1188540','RWTH','1777','SYSTEM','1089038','UM-nDA','279','SYSTEM','1127741','RWTH','405','SYSTEM','1229389','online-F','146','SYSTEM','1172418','online-C','229','SYSTEM','1211886','Illinois','619','SYSTEM','1000483','UM-nDA','1249','SYSTEM','1015310','Illinois','1870','BAD_REF','1261138','dfki-experimental','626','REF','1213305','online-F','1420','REPEAT','1143445','KIT','1855','SYSTEM','1163810','Neural-MT','235','SYSTEM','1192060','uedin-jhu-phrase','2075','SYSTEM','1088055','UM-nDA','473','SYSTEM','1002563','dfki-experimental','888','SYSTEM','1035075','Neural-MT','903','SYSTEM','1211001','uedin-syntax','445','REF','1131694','online-F','2054','SYSTEM','1012685','online-F','2062','SYSTEM','1052782','online-C','666','BAD_REF','1152256','uedin-jhu-phrase','292','REPEAT','1010678','KIT','1467','SYSTEM','1000692','RWTH','1573','SYSTEM','1029224','online-F','568','SYSTEM','1192668','Neural-MT','1536','SYSTEM','1149498','UM-nDA','1725','SYSTEM','1182633','KIT','1426','SYSTEM','1199327','online-B','903','REPEAT','1277654','online-F','1159','SYSTEM','1050325','uedin-jhu-phrase','379','REF','1042271','RWTH','769','SYSTEM','1035975','online-A','545','BAD_REF','1101315','online-C','1855','SYSTEM','1222831','RWTH','1705','SYSTEM','1250757','online-F','1540','BAD_REF','1021183','dfki-experimental','661','REPEAT','1102880','RWTH','70','SYSTEM','1102570','Illinois','700','SYSTEM','1195881','online-C','391','SYSTEM','1153846','online-C','853','SYSTEM','1172236','RWTH','843','REF','1107789','dfki-experimental','1801','SYSTEM','1251779','UM-nDA','799','SYSTEM','1035010','online-F','489','SYSTEM','1171270','UM-nDA','941','BAD_REF','1143201','online-C','338','REPEAT','1276511','online-C','1909','SYSTEM','1241824','RWTH','1354','SYSTEM','1073991','KIT','652','SYSTEM','1165201','RWTH','1876','SYSTEM','1183623','UM-nDA','1832','SYSTEM','1102287','RWTH','1777','REF','1267273','online-C','997','SYSTEM','1267251','UM-nDA','1324','SYSTEM','1037853','online-B','1410','SYSTEM','1148419','online-F','146','BAD_REF','1053243','Illinois','1870','SYSTEM','1265921','online-C','229','REPEAT','1103295','online-B','975','SYSTEM','1143483','online-B','1386','SYSTEM','1027515','dfki-experimental','626','SYSTEM','1241210','KIT','1855','REF','1262442','online-F','1420','SYSTEM','1273638','KIT','1467','REF','1218930','online-E','1448','SYSTEM','1101686','online-F','2054','BAD_REF','1278968','online-E','145','SYSTEM','1143317','dfki-experimental','1042','SYSTEM','1233305','online-F','2062','REPEAT','1218470','uedin-jhu-phrase','292','SYSTEM','1269356','online-C','666','SYSTEM','1275960','uedin-syntax','445','SYSTEM','1001261','uedin-syntax','1984','SYSTEM','1206728','online-F','866','SYSTEM','1022920','online-B','1381','SYSTEM','1100145','Neural-MT','1536','BAD_REF','1226889','online-B','903','SYSTEM','1275571','RWTH','769','REF','1183010','uedin-jhu-phrase','379','SYSTEM','1077348','dfki-experimental','993','SYSTEM','1151128','online-C','1855','REPEAT','1241886','dfki-experimental','810','SYSTEM','1259929','online-A','545','SYSTEM','1142901'
'de','en','ad',12,'online-E','961','SYSTEM','1149960','online-E','1781','SYSTEM','1098710','dfki-experimental','353','BAD_REF','1263237','dfki-experimental','247','SYSTEM','1029057','online-A','767','SYSTEM','1095210','online-C','1404','SYSTEM','1269566','online-E','1403','SYSTEM','1105314','Illinois','1998','SYSTEM','1261257','RWTH','236','REPEAT','1025605','online-C','135','REF','1005526','online-C','880','SYSTEM','1256277','online-E','2124','REF','1264038','online-E','1049','REPEAT','1163658','dfki-experimental','1853','SYSTEM','1011301','uedin-jhu-phrase','148','SYSTEM','1060710','online-A','1496','SYSTEM','1114423','online-C','859','SYSTEM','1007217','uedin-jhu-phrase','209','SYSTEM','1264984','uedin-syntax','1589','SYSTEM','1197613','online-E','1120','BAD_REF','1086506','online-B','1781','SYSTEM','1035227','KIT','142','SYSTEM','1093116','UM-nDA','1953','SYSTEM','1064617','dfki-experimental','1759','REPEAT','1122021','KIT','1314','REF','1039854','online-C','834','BAD_REF','1059481','dfki-experimental','2141','SYSTEM','1144831','online-E','925','SYSTEM','1050574','Illinois','2087','SYSTEM','1214546','Neural-MT','73','SYSTEM','1037559','KIT','1963','REF','1057727','Illinois','1632','SYSTEM','1094396','online-B','334','SYSTEM','1127175','KIT','1504','SYSTEM','1254771','online-E','359','SYSTEM','1034559','online-C','1274','SYSTEM','1202002','online-A','304','SYSTEM','1172431','dfki-experimental','221','REPEAT','1081382','uedin-syntax','225','BAD_REF','1105082','Illinois','1967','SYSTEM','1207101','online-F','2001','REPEAT','1096752','Neural-MT','345','SYSTEM','1114304','uedin-syntax','1163','SYSTEM','1079125','UM-nDA','91','SYSTEM','1229747','online-B','233','SYSTEM','1245239','Illinois','753','SYSTEM','1240579','dfki-experimental','2023','SYSTEM','1186429','online-A','883','BAD_REF','1048422','online-A','583','REF','1071108','Illinois','1141','SYSTEM','1080316','RWTH','236','SYSTEM','1164114','online-C','135','SYSTEM','1240723','online-A','767','BAD_REF','1118784','uedin-jhu-phrase','742','SYSTEM','1233548','Neural-MT','17','SYSTEM','1266692','RWTH','2045','SYSTEM','1149583','online-E','961','REF','1019082','online-B','83','SYSTEM','1016263','online-E','1781','REPEAT','1072790','dfki-experimental','353','SYSTEM','1065189','online-E','1120','SYSTEM','1236389','uedin-jhu-phrase','1005','SYSTEM','1050512','uedin-jhu-phrase','347','SYSTEM','1116518','uedin-syntax','1589','REPEAT','1255649','online-E','2124','SYSTEM','1209491','online-E','1049','SYSTEM','1011104','uedin-jhu-phrase','209','REF','1011987','online-C','1058','SYSTEM','1052805','online-A','1496','BAD_REF','1116653','online-B','2026','SYSTEM','1193334','Neural-MT','73','REPEAT','1041659','online-C','834','SYSTEM','1155552','online-E','925','REF','1176068','dfki-experimental','1759','SYSTEM','1070060','KIT','1314','SYSTEM','1016948','uedin-jhu-phrase','2001','SYSTEM','1183679','KIT','1093','SYSTEM','1147094','Neural-MT','975','SYSTEM','1122833','Illinois','1588','SYSTEM','1023384','UM-nDA','1953','BAD_REF','1231027','online-E','359','BAD_REF','1218084','Illinois','658','SYSTEM','1195712','uedin-syntax','1823','SYSTEM','1108340','online-E','1952','SYSTEM','1049228','KIT','1963','SYSTEM','1255785','Illinois','1632','REPEAT','1000811','UM-nDA','1065','SYSTEM','1170019','uedin-syntax','225','SYSTEM','1115470','dfki-experimental','221','SYSTEM','1020385','KIT','1504','REF','1013342','Neural-MT','811','SYSTEM','1169868','online-F','2001','SYSTEM','1270053','online-A','2034','SYSTEM','1010682','online-B','718','SYSTEM','1125236','online-B','233','REPEAT','1240803','online-A','583','SYSTEM','1108907','uedin-syntax','1163','BAD_REF','1067323','Neural-MT','345','REF','1203582','online-A','883','SYSTEM','1031383','online-E','1616','SYSTEM','1258340'
'de','en','ad',13,'uedin-syntax','645','SYSTEM','1103940','Illinois','1877','SYSTEM','1017679','Illinois','955','SYSTEM','1116200','online-B','1971','SYSTEM','1095932','Neural-MT','904','REF','1165773','online-E','1760','SYSTEM','1246905','dfki-experimental','1544','SYSTEM','1132295','KIT','486','SYSTEM','1007986','Illinois','296','BAD_REF','1096461','Neural-MT','1555','REPEAT','1031320','uedin-jhu-phrase','1961','SYSTEM','1167114','UM-nDA','855','BAD_REF','1037099','online-F','1928','REF','1044481','online-A','274','SYSTEM','1170735','KIT','824','SYSTEM','1003115','UM-nDA','1017','REPEAT','1271978','uedin-syntax','385','SYSTEM','1106600','online-B','1809','SYSTEM','1140354','Illinois','1506','SYSTEM','1002418','UM-nDA','1619','SYSTEM','1216888','dfki-experimental','1547','SYSTEM','1222568','online-C','813','SYSTEM','1056578','uedin-jhu-phrase','2047','SYSTEM','1007754','online-C','993','SYSTEM','1101634','KIT','1714','SYSTEM','1040488','online-B','1852','REF','1216170','UM-nDA','57','REPEAT','1024765','online-E','1144','SYSTEM','1090275','online-A','1464','SYSTEM','1131176','Illinois','192','BAD_REF','1276316','uedin-jhu-phrase','1494','REF','1056234','UM-nDA','1313','SYSTEM','1101199','online-E','1330','REPEAT','1130117','Illinois','1445','SYSTEM','1149728','Illinois','1168','SYSTEM','1132343','uedin-jhu-phrase','218','SYSTEM','1019566','uedin-syntax','1295','SYSTEM','1203523','Neural-MT','1108','SYSTEM','1105424','Illinois','303','SYSTEM','1250954','Illinois','174','BAD_REF','1125219','online-F','1231','SYSTEM','1257445','Illinois','115','SYSTEM','1228462','uedin-syntax','1707','REF','1134253','Illinois','573','REPEAT','1122095','online-C','1678','SYSTEM','1144203','online-B','1882','SYSTEM','1023498','online-E','974','SYSTEM','1271438','dfki-experimental','1156','SYSTEM','1194588','online-C','1688','SYSTEM','1122501','online-C','2050','BAD_REF','1048579','Neural-MT','1555','SYSTEM','1076712','uedin-syntax','645','BAD_REF','1113740','dfki-experimental','725','SYSTEM','1256398','Illinois','296','SYSTEM','1251224','KIT','486','REF','1222496','dfki-experimental','1544','REPEAT','1219251','online-A','566','SYSTEM','1275040','Neural-MT','904','SYSTEM','1245255','online-C','952','SYSTEM','1210180','Neural-MT','755','SYSTEM','1248326','RWTH','366','SYSTEM','1244382','uedin-jhu-phrase','1961','BAD_REF','1223185','online-B','1809','REF','1241847','online-F','1928','SYSTEM','1215700','online-A','1946','SYSTEM','1012671','UM-nDA','1619','REPEAT','1203048','UM-nDA','855','SYSTEM','1065911','UM-nDA','1017','SYSTEM','1059683','uedin-jhu-phrase','1674','SYSTEM','1104125','uedin-jhu-phrase','335','SYSTEM','1166757','Illinois','192','SYSTEM','1153011','online-E','1144','REF','1223824','KIT','1473','SYSTEM','1236338','online-B','1852','SYSTEM','1111855','online-C','993','BAD_REF','1235023','online-A','1464','REPEAT','1262356','uedin-syntax','1731','SYSTEM','1128950','dfki-experimental','1957','SYSTEM','1057879','UM-nDA','57','SYSTEM','1210888','online-E','345','SYSTEM','1012311','Illinois','174','SYSTEM','1007915','uedin-syntax','1295','BAD_REF','1089352','online-E','1511','SYSTEM','1012025','uedin-jhu-phrase','218','REPEAT','1169434','online-E','1330','SYSTEM','1004765','dfki-experimental','151','SYSTEM','1247473','UM-nDA','1313','REF','1161845','uedin-jhu-phrase','1494','SYSTEM','1102161','online-B','999','SYSTEM','1008259','online-B','1670','SYSTEM','1105429','uedin-syntax','1031','SYSTEM','1063948','KIT','1186','SYSTEM','1279449','online-C','2050','SYSTEM','1083970','online-E','974','BAD_REF','1252445','online-C','1688','REF','1177360','Illinois','573','SYSTEM','1167954','uedin-jhu-phrase','70','SYSTEM','1194532','online-C','1678','REPEAT','1229572','uedin-syntax','1707','SYSTEM','1217225','Neural-MT','905','SYSTEM','1081952'
'de','en','ad',14,'Neural-MT','633','SYSTEM','1165055','online-C','1613','BAD_REF','1062518','RWTH','761','SYSTEM','1164013','dfki-experimental','1028','SYSTEM','1019675','online-C','297','SYSTEM','1110900','dfki-experimental','2155','SYSTEM','1070366','online-C','424','SYSTEM','1158696','Illinois','527','REF','1159836','Neural-MT','2028','REPEAT','1263099','Illinois','162','SYSTEM','1114191','online-E','1816','REPEAT','1153956','online-B','1085','SYSTEM','1071748','online-E','1248','SYSTEM','1083651','RWTH','1149','SYSTEM','1261805','KIT','1702','SYSTEM','1014147','Neural-MT','1513','SYSTEM','1208454','KIT','1691','SYSTEM','1009031','online-F','1572','SYSTEM','1236678','online-E','483','BAD_REF','1007076','UM-nDA','1172','REF','1205663','Illinois','1453','SYSTEM','1096616','online-C','1086','SYSTEM','1130601','UM-nDA','1967','SYSTEM','1205253','UM-nDA','1319','REF','1241435','uedin-syntax','216','SYSTEM','1137456','online-C','1682','SYSTEM','1246437','uedin-syntax','8','SYSTEM','1187826','Neural-MT','761','SYSTEM','1027702','Neural-MT','1059','BAD_REF','1153001','Neural-MT','846','REPEAT','1090065','uedin-syntax','112','REF','1246069','online-C','1600','SYSTEM','1251764','online-A','666','REPEAT','1107262','online-E','298','SYSTEM','1108188','UM-nDA','1219','SYSTEM','1123672','Illinois','171','SYSTEM','1165659','uedin-jhu-phrase','1903','BAD_REF','1183702','online-C','2165','SYSTEM','1228039','online-F','1534','SYSTEM','1196437','online-F','269','SYSTEM','1273321','KIT','691','SYSTEM','1021126','UM-nDA','1396','SYSTEM','1066167','online-F','1762','SYSTEM','1024521','online-C','441','BAD_REF','1232965','uedin-syntax','1033','SYSTEM','1279509','online-E','61','REPEAT','1217418','RWTH','1269','SYSTEM','1187930','dfki-experimental','738','REF','1180583','dfki-experimental','1428','SYSTEM','1030021','KIT','2085','SYSTEM','1155963','uedin-jhu-phrase','1777','SYSTEM','1034900','online-C','297','REPEAT','1020215','Neural-MT','2028','SYSTEM','1242805','Illinois','527','SYSTEM','1139098','online-C','424','BAD_REF','1253710','online-C','1613','SYSTEM','1143989','Illinois','635','SYSTEM','1259142','RWTH','761','REF','1197332','Illinois','247','SYSTEM','1164263','Neural-MT','1101','SYSTEM','1163968','online-C','1421','SYSTEM','1211650','online-E','1816','SYSTEM','1118551','UM-nDA','1172','SYSTEM','1269964','uedin-jhu-phrase','2141','SYSTEM','1129364','online-C','1358','SYSTEM','1231303','online-F','661','SYSTEM','1012568','online-E','483','SYSTEM','1210758','online-F','1572','REPEAT','1068913','KIT','1702','BAD_REF','1020179','online-E','1248','REF','1096411','Neural-MT','846','SYSTEM','1101070','Neural-MT','1059','SYSTEM','1223794','Neural-MT','761','REF','1250104','uedin-syntax','8','REPEAT','1175275','UM-nDA','340','SYSTEM','1146978','RWTH','1421','SYSTEM','1108448','UM-nDA','1319','SYSTEM','1198500','uedin-syntax','216','BAD_REF','1273598','UM-nDA','1573','SYSTEM','1101631','Neural-MT','1608','SYSTEM','1248816','UM-nDA','1219','REPEAT','1280607','uedin-jhu-phrase','413','SYSTEM','1075409','online-A','666','SYSTEM','1152867','UM-nDA','689','SYSTEM','1210223','online-E','1197','SYSTEM','1130092','online-E','298','BAD_REF','1153918','uedin-jhu-phrase','1903','SYSTEM','1065254','uedin-syntax','112','SYSTEM','1156160','Neural-MT','1829','SYSTEM','1071689','Illinois','171','REF','1270805','dfki-experimental','738','SYSTEM','1013119','Illinois','1874','SYSTEM','1094621','UM-nDA','1396','REF','1010611','Neural-MT','1803','SYSTEM','1244015','online-C','441','SYSTEM','1040556','Illinois','1704','SYSTEM','1195255','RWTH','205','SYSTEM','1138898','dfki-experimental','1428','REPEAT','1250163','online-E','61','SYSTEM','1105725','RWTH','1269','BAD_REF','1123562'
